"_id","url","电影"
"618a4388bb88ab1096a77de1","https://movie.douban.com/subject/1292052/","肖申克的救赎 The Shawshank Redemption"
"618a4389bb88ab1096a77de2","https://movie.douban.com/subject/1295644/","这个杀手不太冷 Léon"
"618a4389bb88ab1096a77de3","https://movie.douban.com/subject/1291561/","千与千寻 千と千尋の神隠し"
"618a4389bb88ab1096a77de4","https://movie.douban.com/subject/1292720/","阿甘正传 Forrest Gump"
"618a4389bb88ab1096a77de5","https://movie.douban.com/subject/1291546/","霸王别姬"
"618a4389bb88ab1096a77de6","https://movie.douban.com/subject/1292722/","泰坦尼克号 Titanic"
"618a4389bb88ab1096a77de7","https://movie.douban.com/subject/26752088/","我不是药神"
"618a4389bb88ab1096a77de8","https://movie.douban.com/subject/3541415/","盗梦空间 Inception"
"618a4389bb88ab1096a77de9","https://movie.douban.com/subject/26266893/","流浪地球"
"618a4389bb88ab1096a77dea","https://movie.douban.com/subject/26794435/","哪吒之魔童降世"
"618a4389bb88ab1096a77deb","https://movie.douban.com/subject/3793023/","三傻大闹宝莱坞 3 Idiots"
"618a4389bb88ab1096a77dec","https://movie.douban.com/subject/25662329/","疯狂动物城 Zootopia"
"618a4389bb88ab1096a77ded","https://movie.douban.com/subject/3319755/","怦然心动 Flipped"
"618a4389bb88ab1096a77dee","https://movie.douban.com/subject/1292001/","海上钢琴师 La leggenda del pianista sull'oceano"
"618a4389bb88ab1096a77def","https://movie.douban.com/subject/1889243/","星际穿越 Interstellar"
"618a4389bb88ab1096a77df0","https://movie.douban.com/subject/3742360/","让子弹飞"
"618a4389bb88ab1096a77df1","https://movie.douban.com/subject/26387939/","摔跤吧！爸爸 Dangal"
"618a4389bb88ab1096a77df2","https://movie.douban.com/subject/1292064/","楚门的世界 The Truman Show"
"618a438abb88ab1096a77df3","https://movie.douban.com/subject/20495023/","寻梦环游记 Coco"
"618a438abb88ab1096a77df4","https://movie.douban.com/subject/30166972/","少年的你"
"618a438abb88ab1096a77df5","https://movie.douban.com/subject/27060077/","绿皮书 Green Book"
"618a438abb88ab1096a77df6","https://movie.douban.com/subject/1849031/","当幸福来敲门 The Pursuit of Happyness"
"618a438abb88ab1096a77df7","https://movie.douban.com/subject/1292213/","大话西游之大圣娶亲 西遊記大結局之仙履奇緣"
"618a438abb88ab1096a77df8","https://movie.douban.com/subject/3011091/","忠犬八公的故事 Hachi: A Dog's Tale"
"618a438abb88ab1096a77df9","https://movie.douban.com/subject/1929463/","少年派的奇幻漂流 Life of Pi"
"618a438dbb88ab1096a77dfa","https://movie.douban.com/subject/4920389/","头号玩家 Ready Player One"
"618a438ebb88ab1096a77dfb","https://movie.douban.com/subject/26683290/","你的名字。 君の名は。"
"618a438ebb88ab1096a77dfc","https://movie.douban.com/subject/27010768/","寄生虫 기생충"
"618a438ebb88ab1096a77dfd","https://movie.douban.com/subject/2131459/","机器人总动员 WALL·E"
"618a438ebb88ab1096a77dfe","https://movie.douban.com/subject/2129039/","飞屋环游记 Up"
"618a438ebb88ab1096a77dff","https://movie.douban.com/subject/1292063/","美丽人生 La vita è bella"
"618a438ebb88ab1096a77e00","https://movie.douban.com/subject/1291549/","放牛班的春天 Les choristes"
"618a438ebb88ab1096a77e01","https://movie.douban.com/subject/1652587/","阿凡达 Avatar"
"618a438ebb88ab1096a77e02","https://movie.douban.com/subject/1291560/","龙猫 となりのトトロ"
"618a438ebb88ab1096a77e03","https://movie.douban.com/subject/1307914/","无间道 無間道"
"618a438ebb88ab1096a77e04","https://movie.douban.com/subject/1299398/","大话西游之月光宝盒 西遊記第壹佰零壹回之月光寶盒"
"618a438ebb88ab1096a77e05","https://movie.douban.com/subject/26580232/","看不见的客人 Contratiempo"
"618a438ebb88ab1096a77e06","https://movie.douban.com/subject/26100958/","复仇者联盟4：终局之战 Avengers: Endgame"
"618a438ebb88ab1096a77e07","https://movie.douban.com/subject/25986180/","釜山行 부산행"
"618a438ebb88ab1096a77e08","https://movie.douban.com/subject/26861685/","红海行动"
"618a438ebb88ab1096a77e09","https://movie.douban.com/subject/27110296/","无名之辈"
"618a438ebb88ab1096a77e0a","https://movie.douban.com/subject/1292370/","剪刀手爱德华 Edward Scissorhands"
"618a438ebb88ab1096a77e0b","https://movie.douban.com/subject/1295124/","辛德勒的名单 Schindler's List"
"618a438ebb88ab1096a77e0c","https://movie.douban.com/subject/27605698/","西虹市首富"
"618a438fbb88ab1096a77e0d","https://movie.douban.com/subject/32659890/","我和我的祖国"
"618a438fbb88ab1096a77e0e","https://movie.douban.com/subject/1292215/","天使爱美丽 Le fabuleux destin d'Amélie Poulain"
"618a438fbb88ab1096a77e0f","https://movie.douban.com/subject/4739952/","初恋这件小事 สิ่งเล็กเล็กที่เรียกว่า...รัก"
"618a438fbb88ab1096a77e10","https://movie.douban.com/subject/1851857/","蝙蝠侠：黑暗骑士 The Dark Knight"
"618a438fbb88ab1096a77e11","https://movie.douban.com/subject/1295038/","哈利·波特与魔法石 Harry Potter and the Sorcerer's Stone"
"618a438fbb88ab1096a77e12","https://movie.douban.com/subject/1306249/","唐伯虎点秋香 唐伯虎點秋香"
"618a4393bb88ab1096a77e13","https://movie.douban.com/subject/26425063/","无双 無雙"
"618a4393bb88ab1096a77e14","https://movie.douban.com/subject/26985127/","一出好戏"
"618a4393bb88ab1096a77e15","https://movie.douban.com/subject/11026735/","超能陆战队 Big Hero 6"
"618a4393bb88ab1096a77e16","https://movie.douban.com/subject/27119724/","小丑 Joker"
"618a4393bb88ab1096a77e17","https://movie.douban.com/subject/6786002/","触不可及 Intouchables"
"618a4393bb88ab1096a77e18","https://movie.douban.com/subject/30163509/","飞驰人生"
"618a4393bb88ab1096a77e19","https://movie.douban.com/subject/26363254/","战狼2"
"618a4394bb88ab1096a77e1a","https://movie.douban.com/subject/1308807/","哈尔的移动城堡 ハウルの動く城"
"618a4394bb88ab1096a77e1b","https://movie.douban.com/subject/1291543/","功夫"
"618a4394bb88ab1096a77e1c","https://movie.douban.com/subject/30170448/","何以为家 كفرناحوم"
"618a4394bb88ab1096a77e1d","https://movie.douban.com/subject/3878007/","海王 Aquaman"
"618a4394bb88ab1096a77e1e","https://movie.douban.com/subject/1485260/","本杰明·巴顿奇事 The Curious Case of Benjamin Button"
"618a4394bb88ab1096a77e1f","https://movie.douban.com/subject/3287562/","神偷奶爸 Despicable Me"
"618a4394bb88ab1096a77e20","https://movie.douban.com/subject/1292402/","西西里的美丽传说 Malèna"
"618a4394bb88ab1096a77e21","https://movie.douban.com/subject/4920528/","那些年，我们一起追的女孩 那些年，我們一起追的女孩"
"618a4394bb88ab1096a77e22","https://movie.douban.com/subject/1293839/","罗马假日 Roman Holiday"
"618a4394bb88ab1096a77e23","https://movie.douban.com/subject/1292223/","七宗罪 Se7en"
"618a4394bb88ab1096a77e24","https://movie.douban.com/subject/26698897/","唐人街探案2"
"618a4394bb88ab1096a77e25","https://movie.douban.com/subject/30334073/","调音师 Andhadhun"
"618a4394bb88ab1096a77e26","https://movie.douban.com/subject/1302425/","喜剧之王 喜劇之王"
"618a4394bb88ab1096a77e27","https://movie.douban.com/subject/2334904/","禁闭岛 Shutter Island"
"618a4394bb88ab1096a77e28","https://movie.douban.com/subject/5912992/","熔炉 도가니"
"618a4394bb88ab1096a77e29","https://movie.douban.com/subject/1291841/","教父 The Godfather"
"618a4394bb88ab1096a77e2a","https://movie.douban.com/subject/25964071/","夏洛特烦恼"
"618a4394bb88ab1096a77e2b","https://movie.douban.com/subject/1292343/","蝴蝶效应 The Butterfly Effect"
"618a4398bb88ab1096a77e2c","https://movie.douban.com/subject/25921812/","驴得水"
"618a4398bb88ab1096a77e2d","https://movie.douban.com/subject/1292220/","情书 Love Letter"
"618a4398bb88ab1096a77e2e","https://movie.douban.com/subject/21318488/","消失的爱人 Gone Girl"
"618a4398bb88ab1096a77e2f","https://movie.douban.com/subject/3168101/","毒液：致命守护者 Venom"
"618a4398bb88ab1096a77e30","https://movie.douban.com/subject/26862829/","芳华"
"618a4398bb88ab1096a77e31","https://movie.douban.com/subject/11525673/","布达佩斯大饭店 The Grand Budapest Hotel"
"618a4398bb88ab1096a77e32","https://movie.douban.com/subject/24773958/","复仇者联盟3：无限战争 Avengers: Infinity War"
"618a4398bb88ab1096a77e33","https://movie.douban.com/subject/1298070/","加勒比海盗 Pirates of the Caribbean: The Curse of the Black Pearl"
"618a4398bb88ab1096a77e34","https://movie.douban.com/subject/19944106/","美人鱼"
"618a4398bb88ab1096a77e35","https://movie.douban.com/subject/1292000/","搏击俱乐部 Fight Club"
"618a4398bb88ab1096a77e36","https://movie.douban.com/subject/1907966/","疯狂原始人 The Croods"
"618a4398bb88ab1096a77e37","https://movie.douban.com/subject/10574622/","人再囧途之泰囧"
"618a4399bb88ab1096a77e38","https://movie.douban.com/subject/1780330/","致命魔术 The Prestige"
"618a4399bb88ab1096a77e39","https://movie.douban.com/subject/1978709/","黑天鹅 Black Swan"
"618a4399bb88ab1096a77e3a","https://movie.douban.com/subject/30176393/","误杀"
"618a4399bb88ab1096a77e3b","https://movie.douban.com/subject/1298624/","闻香识女人 Scent of a Woman"
"618a4399bb88ab1096a77e3c","https://movie.douban.com/subject/1305487/","猫鼠游戏 Catch Me If You Can"
"618a4399bb88ab1096a77e3d","https://movie.douban.com/subject/1293544/","沉默的羔羊 The Silence of the Lambs"
"618a4399bb88ab1096a77e3e","https://movie.douban.com/subject/1291583/","天空之城 天空の城ラピュタ"
"618a4399bb88ab1096a77e3f","https://movie.douban.com/subject/24751756/","老炮儿"
"618a4399bb88ab1096a77e40","https://movie.douban.com/subject/26611804/","三块广告牌 Three Billboards Outside Ebbing, Missouri"
"618a4399bb88ab1096a77e41","https://movie.douban.com/subject/3075287/","源代码 Source Code"
"618a4399bb88ab1096a77e42","https://movie.douban.com/subject/1291832/","低俗小说 Pulp Fiction"
"618a4399bb88ab1096a77e43","https://movie.douban.com/subject/27622447/","小偷家族 万引き家族"
"618a4399bb88ab1096a77e44","https://movie.douban.com/subject/25934014/","爱乐之城 La La Land"
"618a439dbb88ab1096a77e45","https://movie.douban.com/subject/1301753/","狮子王 The Lion King"
"618a439dbb88ab1096a77e46","https://movie.douban.com/subject/1292365/","活着"
"618a439dbb88ab1096a77e47","https://movie.douban.com/subject/6874741/","无问西东"
"618a439dbb88ab1096a77e48","https://movie.douban.com/subject/26325320/","血战钢锯岭 Hacksaw Ridge"
"618a439dbb88ab1096a77e49","https://movie.douban.com/subject/1862151/","疯狂的石头"
"618a439dbb88ab1096a77e4a","https://movie.douban.com/subject/26311973/","唐人街探案"
"618a439dbb88ab1096a77e4b","https://movie.douban.com/subject/30295905/","中国机长"
"618a439dbb88ab1096a77e4c","https://movie.douban.com/subject/3011051/","恐怖游轮 Triangle"
"618a439dbb88ab1096a77e4d","https://movie.douban.com/subject/1297192/","致命ID Identity"
"618a439dbb88ab1096a77e4e","https://movie.douban.com/subject/5350027/","妖猫传"
"618a439dbb88ab1096a77e4f","https://movie.douban.com/subject/1291999/","重庆森林 重慶森林"
"618a439dbb88ab1096a77e50","https://movie.douban.com/subject/1291843/","黑客帝国 The Matrix"
"618a439dbb88ab1096a77e51","https://movie.douban.com/subject/25815034/","湄公河行动"
"618a439dbb88ab1096a77e52","https://movie.douban.com/subject/27024903/","天才枪手 ฉลาดเกมส์โกง"
"618a439dbb88ab1096a77e53","https://movie.douban.com/subject/30318116/","利刃出鞘 Knives Out"
"618a439dbb88ab1096a77e54","https://movie.douban.com/subject/1291571/","指环王1：护戒使者 The Lord of the Rings: The Fellowship of the Ring"
"618a439dbb88ab1096a77e55","https://movie.douban.com/subject/2209573/","贫民窟的百万富翁 Slumdog Millionaire"
"618a439dbb88ab1096a77e56","https://movie.douban.com/subject/1293172/","末代皇帝 The Last Emperor"
"618a439ebb88ab1096a77e57","https://movie.douban.com/subject/1418200/","傲慢与偏见 Pride & Prejudice"
"618a439ebb88ab1096a77e58","https://movie.douban.com/subject/3011235/","哈利·波特与死亡圣器(下) Harry Potter and the Deathly Hallows: Part 2"
"618a439ebb88ab1096a77e59","https://movie.douban.com/subject/2353023/","驯龙高手 How to Train Your Dragon"
"618a439ebb88ab1096a77e5a","https://movie.douban.com/subject/25986662/","疯狂的外星人"
"618a439ebb88ab1096a77e5b","https://movie.douban.com/subject/1291552/","指环王3：王者无敌 The Lord of the Rings: The Return of the King"
"618a439ebb88ab1096a77e5c","https://movie.douban.com/subject/30331149/","白蛇：缘起"
"618a439ebb88ab1096a77e5d","https://movie.douban.com/subject/26366496/","邪不压正"
"618a43a1bb88ab1096a77e5e","https://movie.douban.com/subject/1306029/","美丽心灵 A Beautiful Mind"
"618a43a1bb88ab1096a77e5f","https://movie.douban.com/subject/27038183/","羞羞的铁拳"
"618a43a1bb88ab1096a77e60","https://movie.douban.com/subject/26277313/","西游记之大圣归来"
"618a43a1bb88ab1096a77e61","https://movie.douban.com/subject/26607693/","敦刻尔克 Dunkirk"
"618a43a1bb88ab1096a77e62","https://movie.douban.com/subject/1482072/","穿普拉达的女王 The Devil Wears Prada"
"618a43a1bb88ab1096a77e63","https://movie.douban.com/subject/1787291/","被嫌弃的松子的一生 嫌われ松子の一生"
"618a43a1bb88ab1096a77e64","https://movie.douban.com/subject/1418834/","断背山 Brokeback Mountain"
"618a43a2bb88ab1096a77e65","https://movie.douban.com/subject/1866479/","复仇者联盟 The Avengers"
"618a43a2bb88ab1096a77e66","https://movie.douban.com/subject/1297447/","倩女幽魂"
"618a43a2bb88ab1096a77e67","https://movie.douban.com/subject/1292401/","真爱至上 Love Actually"
"618a43a2bb88ab1096a77e68","https://movie.douban.com/subject/4268598/","告白"
"618a43a2bb88ab1096a77e69","https://movie.douban.com/subject/4202982/","冰雪奇缘 Frozen"
"618a43a2bb88ab1096a77e6a","https://movie.douban.com/subject/25779217/","诛仙1 诛仙 Ⅰ"
"618a43a2bb88ab1096a77e6b","https://movie.douban.com/subject/3395373/","蝙蝠侠：黑暗骑士崛起 The Dark Knight Rises"
"618a43a2bb88ab1096a77e6c","https://movie.douban.com/subject/11529526/","中国合伙人"
"618a43a2bb88ab1096a77e6d","https://movie.douban.com/subject/24405378/","王牌特工：特工学院 Kingsman: The Secret Service"
"618a43a2bb88ab1096a77e6e","https://movie.douban.com/subject/25864085/","火星救援 The Martian"
"618a43a2bb88ab1096a77e6f","https://movie.douban.com/subject/25805741/","后会无期"
"618a43a2bb88ab1096a77e70","https://movie.douban.com/subject/1292656/","心灵捕手 Good Will Hunting"
"618a43a2bb88ab1096a77e71","https://movie.douban.com/subject/1828115/","色，戒"
"618a43a2bb88ab1096a77e72","https://movie.douban.com/subject/1291548/","死亡诗社 Dead Poets Society"
"618a43a2bb88ab1096a77e73","https://movie.douban.com/subject/4873490/","失恋33天"
"618a43a2bb88ab1096a77e74","https://movie.douban.com/subject/1300267/","乱世佳人 Gone with the Wind"
"618a43a2bb88ab1096a77e75","https://movie.douban.com/subject/26754233/","八佰"
"618a43a2bb88ab1096a77e76","https://movie.douban.com/subject/1291572/","指环王2：双塔奇兵 The Lord of the Rings: The Two Towers"
"618a43a6bb88ab1096a77e77","https://movie.douban.com/subject/3649049/","金陵十三钗"
"618a43a6bb88ab1096a77e78","https://movie.douban.com/subject/30306570/","囧妈"
"618a43a6bb88ab1096a77e79","https://movie.douban.com/subject/5308265/","西游降魔篇"
"618a43a6bb88ab1096a77e7a","https://movie.douban.com/subject/10574468/","北京遇上西雅图"
"618a43a6bb88ab1096a77e7b","https://movie.douban.com/subject/25827935/","七月与安生"
"618a43a6bb88ab1096a77e7c","https://movie.douban.com/subject/3077412/","寻龙诀"
"618a43a6bb88ab1096a77e7d","https://movie.douban.com/subject/1300299/","杀人回忆 살인의 추억"
"618a43a6bb88ab1096a77e7e","https://movie.douban.com/subject/1309163/","恋恋笔记本 The Notebook"
"618a43a6bb88ab1096a77e7f","https://movie.douban.com/subject/1652592/","阿丽塔：战斗天使 Alita: Battle Angel"
"618a43a6bb88ab1096a77e80","https://movie.douban.com/subject/26799731/","请以你的名字呼唤我 Call Me by Your Name"
"618a43a6bb88ab1096a77e81","https://movie.douban.com/subject/4023638/","国王的演讲 The King's Speech"
"618a43a6bb88ab1096a77e82","https://movie.douban.com/subject/1316510/","射雕英雄传之东成西就 射鵰英雄傳之東成西就"
"618a43a6bb88ab1096a77e83","https://movie.douban.com/subject/4237879/","人在囧途"
"618a43a6bb88ab1096a77e84","https://movie.douban.com/subject/26374197/","蜘蛛侠：平行宇宙 Spider-Man: Into the Spider-Verse"
"618a43a6bb88ab1096a77e85","https://movie.douban.com/subject/1291579/","怪兽电力公司 Monsters, Inc."
"618a43a6bb88ab1096a77e86","https://movie.douban.com/subject/1291828/","天堂电影院 Nuovo Cinema Paradiso"
"618a43a6bb88ab1096a77e87","https://movie.douban.com/subject/21937452/","素媛 소원"
"618a43a7bb88ab1096a77e88","https://movie.douban.com/subject/1292849/","拯救大兵瑞恩 Saving Private Ryan"
"618a43a7bb88ab1096a77e89","https://movie.douban.com/subject/26366465/","我的少女时代 我的少女時代"
"618a43a7bb88ab1096a77e8a","https://movie.douban.com/subject/21360417/","恐怖直播 더 테러 라이브"
"618a43a7bb88ab1096a77e8b","https://movie.douban.com/subject/4864908/","影"
"618a43a7bb88ab1096a77e8c","https://movie.douban.com/subject/26931786/","蜘蛛侠：英雄远征 Spider-Man: Far from Home"
"618a43a7bb88ab1096a77e8d","https://movie.douban.com/subject/3364223/","了不起的盖茨比 The Great Gatsby"
"618a43a7bb88ab1096a77e8e","https://movie.douban.com/subject/26862259/","乘风破浪"
"618a43a7bb88ab1096a77e8f","https://movie.douban.com/subject/25726614/","神奇动物在哪里 Fantastic Beasts and Where to Find Them"
"618a43aabb88ab1096a77e90","https://movie.douban.com/subject/1291578/","冰川时代 Ice Age"
"618a43aabb88ab1096a77e91","https://movie.douban.com/subject/3025375/","奇异博士 Doctor Strange"
"618a43aabb88ab1096a77e92","https://movie.douban.com/subject/2043546/","秒速5厘米 秒速5センチメートル"
"618a43aabb88ab1096a77e93","https://movie.douban.com/subject/4917726/","阳光姐妹淘 써니"
"618a43aabb88ab1096a77e94","https://movie.douban.com/subject/1291875/","阳光灿烂的日子"
"618a43aabb88ab1096a77e95","https://movie.douban.com/subject/1296996/","哈利·波特与密室 Harry Potter and the Chamber of Secrets"
"618a43abbb88ab1096a77e96","https://movie.douban.com/subject/1292679/","春光乍泄 春光乍洩"
"618a43abbb88ab1096a77e97","https://movie.douban.com/subject/3792799/","岁月神偷 歲月神偷"
"618a43abbb88ab1096a77e98","https://movie.douban.com/subject/3821067/","一代宗师 一代宗師"
"618a43abbb88ab1096a77e99","https://movie.douban.com/subject/1304447/","记忆碎片 Memento"
"618a43abbb88ab1096a77e9a","https://movie.douban.com/subject/1291858/","鬼子来了"
"618a43abbb88ab1096a77e9b","https://movie.douban.com/subject/24719063/","烈日灼心"
"618a43abbb88ab1096a77e9c","https://movie.douban.com/subject/1432146/","钢铁侠 Iron Man"
"618a43abbb88ab1096a77e9d","https://movie.douban.com/subject/21937445/","辩护人 변호인"
"618a43abbb88ab1096a77e9e","https://movie.douban.com/subject/10463953/","模仿游戏 The Imitation Game"
"618a43abbb88ab1096a77e9f","https://movie.douban.com/subject/3005875/","2012"
"618a43abbb88ab1096a77ea0","https://movie.douban.com/subject/1293350/","两杆大烟枪 Lock, Stock and Two Smoking Barrels"
"618a43abbb88ab1096a77ea1","https://movie.douban.com/subject/1294639/","勇敢的心 Braveheart"
"618a43abbb88ab1096a77ea2","https://movie.douban.com/subject/1296339/","爱在黎明破晓前 Before Sunrise"
"618a43abbb88ab1096a77ea3","https://movie.douban.com/subject/1783457/","功夫熊猫 Kung Fu Panda"
"618a43abbb88ab1096a77ea4","https://movie.douban.com/subject/6307447/","被解救的姜戈 Django Unchained"
"618a43abbb88ab1096a77ea5","https://movie.douban.com/subject/2149806/","入殓师 おくりびと"
"618a43abbb88ab1096a77ea6","https://movie.douban.com/subject/1292328/","东邪西毒 東邪西毒"
"618a43abbb88ab1096a77ea7","https://movie.douban.com/subject/1291544/","哈利·波特与阿兹卡班的囚徒 Harry Potter and the Prisoner of Azkaban"
"618a43abbb88ab1096a77ea8","https://movie.douban.com/subject/1294408/","音乐之声 The Sound of Music"
"618a43afbb88ab1096a77ea9","https://movie.douban.com/subject/26925317/","动物世界"
"618a43afbb88ab1096a77eaa","https://movie.douban.com/subject/1292224/","飞越疯人院 One Flew Over the Cuckoo's Nest"
"618a43afbb88ab1096a77eab","https://movie.douban.com/subject/3734112/","风声"
"618a43b0bb88ab1096a77eac","https://movie.douban.com/subject/10533913/","头脑特工队 Inside Out"
"618a43b0bb88ab1096a77ead","https://movie.douban.com/subject/26336252/","碟中谍6：全面瓦解 Mission: Impossible - Fallout"
"618a43b0bb88ab1096a77eae","https://movie.douban.com/subject/6973376/","致我们终将逝去的青春"
"618a43b0bb88ab1096a77eaf","https://movie.douban.com/subject/1291545/","大鱼 Big Fish"
"618a43b0bb88ab1096a77eb0","https://movie.douban.com/subject/27133303/","超时空同居"
"618a43b0bb88ab1096a77eb1","https://movie.douban.com/subject/1291818/","饮食男女 飲食男女"
"618a43b0bb88ab1096a77eb2","https://movie.douban.com/subject/5300054/","波西米亚狂想曲 Bohemian Rhapsody"
"618a43b0bb88ab1096a77eb3","https://movie.douban.com/subject/26787574/","奇迹男孩 Wonder"
"618a43b0bb88ab1096a77eb4","https://movie.douban.com/subject/1297518/","九品芝麻官"
"618a43b0bb88ab1096a77eb5","https://movie.douban.com/subject/1760622/","香水 Perfume: The Story of a Murderer"
"618a43b0bb88ab1096a77eb6","https://movie.douban.com/subject/1291557/","花样年华 花樣年華"
"618a43b0bb88ab1096a77eb7","https://movie.douban.com/subject/24404677/","超体 Lucy"
"618a43b0bb88ab1096a77eb8","https://movie.douban.com/subject/5045678/","大鱼海棠"
"618a43b0bb88ab1096a77eb9","https://movie.douban.com/subject/25717233/","心花路放"
"618a43b0bb88ab1096a77eba","https://movie.douban.com/subject/25723907/","捉妖记"
"618a43b0bb88ab1096a77ebb","https://movie.douban.com/subject/6517421/","惊天魔盗团 Now You See Me"
"618a43b0bb88ab1096a77ebc","https://movie.douban.com/subject/26213252/","惊奇队长 Captain Marvel"
"618a43b0bb88ab1096a77ebd","https://movie.douban.com/subject/1900841/","窃听风暴 Das Leben der Anderen"
"618a43b0bb88ab1096a77ebe","https://movie.douban.com/subject/25773932/","爆裂鼓手 Whiplash"
"618a43b0bb88ab1096a77ebf","https://movie.douban.com/subject/7065154/","银河护卫队 Guardians of the Galaxy"
"618a43b0bb88ab1096a77ec0","https://movie.douban.com/subject/10741834/","复仇者联盟2：奥创纪元 Avengers: Age of Ultron"
"618a43b1bb88ab1096a77ec1","https://movie.douban.com/subject/4305436/","志明与春娇 志明與春嬌"
"618a43b4bb88ab1096a77ec2","https://movie.douban.com/subject/10577869/","时空恋旅人 About Time"
"618a43b4bb88ab1096a77ec3","https://movie.douban.com/subject/3804891/","无人区"
"618a43b4bb88ab1096a77ec4","https://movie.douban.com/subject/1293359/","菊次郎的夏天 菊次郎の夏"
"618a43b4bb88ab1096a77ec5","https://movie.douban.com/subject/26614893/","完美陌生人 Perfetti sconosciuti"
"618a43b4bb88ab1096a77ec6","https://movie.douban.com/subject/25798222/","亲爱的"
"618a43b4bb88ab1096a77ec7","https://movie.douban.com/subject/1297359/","幽灵公主 もののけ姫"
"618a43b4bb88ab1096a77ec8","https://movie.douban.com/subject/1292274/","幸福终点站 The Terminal"
"618a43b4bb88ab1096a77ec9","https://movie.douban.com/subject/4202302/","借东西的小人阿莉埃蒂 借りぐらしのアリエッティ"
"618a43b4bb88ab1096a77eca","https://movie.douban.com/subject/25716096/","狗十三"
"618a43b4bb88ab1096a77ecb","https://movie.douban.com/subject/2268359/","暮光之城 Twilight"
"618a43b4bb88ab1096a77ecc","https://movie.douban.com/subject/1308817/","两小无猜 Jeux d'enfants"
"618a43b4bb88ab1096a77ecd","https://movie.douban.com/subject/1296736/","钢琴家 The Pianist"
"618a43b4bb88ab1096a77ece","https://movie.douban.com/subject/6534248/","无敌破坏王 Wreck-It Ralph"
"618a43b4bb88ab1096a77ecf","https://movie.douban.com/subject/10777687/","7号房的礼物 7번방의 선물"
"618a43b4bb88ab1096a77ed0","https://movie.douban.com/subject/27615441/","网络谜踪 Searching"
"618a43b5bb88ab1096a77ed1","https://movie.douban.com/subject/4191644/","一天 One Day"
"618a43b5bb88ab1096a77ed2","https://movie.douban.com/subject/23761370/","速度与激情7 Furious 7"
"618a43b5bb88ab1096a77ed3","https://movie.douban.com/subject/1309055/","哈利·波特与火焰杯 Harry Potter and the Goblet of Fire"
"618a43b5bb88ab1096a77ed4","https://movie.douban.com/subject/1299131/","教父2 The Godfather: Part Ⅱ"
"618a43b5bb88ab1096a77ed5","https://movie.douban.com/subject/25820460/","美国队长3 Captain America: Civil War"
"618a43b5bb88ab1096a77ed6","https://movie.douban.com/subject/3592854/","疯狂的麦克斯4：狂暴之路 Mad Max: Fury Road"
"618a43b5bb88ab1096a77ed7","https://movie.douban.com/subject/30444960/","信条 Tenet"
"618a43b5bb88ab1096a77ed8","https://movie.douban.com/subject/26147417/","神奇动物：格林德沃之罪 Fantastic Beasts: The Crimes of Grindelwald"
"618a43b5bb88ab1096a77ed9","https://movie.douban.com/subject/1291550/","天下无贼"
"618a43b5bb88ab1096a77eda","https://movie.douban.com/subject/26636712/","蚁人2：黄蜂女现身 Ant-Man and the Wasp"
"618a43b8bb88ab1096a77edb","https://movie.douban.com/subject/1578714/","神奇女侠 Wonder Woman"
"618a43b8bb88ab1096a77edc","https://movie.douban.com/subject/1303394/","青蛇"
"618a43b9bb88ab1096a77edd","https://movie.douban.com/subject/3072086/","和莎莫的500天 (500) Days of Summer"
"618a43b9bb88ab1096a77ede","https://movie.douban.com/subject/25807345/","彗星来的那一夜 Coherence"
"618a43b9bb88ab1096a77edf","https://movie.douban.com/subject/25937854/","银河护卫队2 Guardians of the Galaxy Vol. 2"
"618a43b9bb88ab1096a77ee0","https://movie.douban.com/subject/10485647/","X战警：逆转未来 X-Men: Days of Future Past"
"618a43b9bb88ab1096a77ee1","https://movie.douban.com/subject/1292286/","我的野蛮女友 엽기적인 그녀"
"618a43b9bb88ab1096a77ee2","https://movie.douban.com/subject/1309199/","史密斯夫妇 Mr. & Mrs. Smith"
"618a43b9bb88ab1096a77ee3","https://movie.douban.com/subject/1297574/","英雄本色"
"618a43b9bb88ab1096a77ee4","https://movie.douban.com/subject/1794171/","变形金刚 Transformers"
"618a43b9bb88ab1096a77ee5","https://movie.douban.com/subject/1291990/","爱在日落黄昏时 Before Sunset"
"618a43b9bb88ab1096a77ee6","https://movie.douban.com/subject/6390825/","黑豹 Black Panther"
"618a43b9bb88ab1096a77ee7","https://movie.douban.com/subject/2124724/","不能说的秘密 不能說的·祕密"
"618a43b9bb88ab1096a77ee8","https://movie.douban.com/subject/1308779/","后天 The Day After Tomorrow"
"618a43b9bb88ab1096a77ee9","https://movie.douban.com/subject/5989818/","萤火之森 蛍火の杜へ"
"618a43b9bb88ab1096a77eea","https://movie.douban.com/subject/1858711/","玩具总动员3 Toy Story 3"
"618a43b9bb88ab1096a77eeb","https://movie.douban.com/subject/5323968/","环太平洋 Pacific Rim"
"618a43b9bb88ab1096a77eec","https://movie.douban.com/subject/2213597/","朗读者 The Reader"
"618a43b9bb88ab1096a77eed","https://movie.douban.com/subject/26393561/","小萝莉的猴神大叔 Bajrangi Bhaijaan"
"618a43b9bb88ab1096a77eee","https://movie.douban.com/subject/1305690/","阿飞正传 阿飛正傳"
"618a43b9bb88ab1096a77eef","https://movie.douban.com/subject/2161696/","他其实没那么喜欢你 He's Just Not That Into You"
"618a43b9bb88ab1096a77ef0","https://movie.douban.com/subject/6390823/","美国队长2 Captain America: The Winter Soldier"
"618a43b9bb88ab1096a77ef1","https://movie.douban.com/subject/1866473/","蚁人 Ant-Man"
"618a43b9bb88ab1096a77ef2","https://movie.douban.com/subject/3205624/","社交网络 The Social Network"
"618a43babb88ab1096a77ef3","https://movie.douban.com/subject/1309101/","查理和巧克力工厂 Charlie and the Chocolate Factory"
"618a43bdbb88ab1096a77ef4","https://movie.douban.com/subject/1291580/","杀死比尔 Kill Bill: Vol. 1"
"618a43bdbb88ab1096a77ef5","https://movie.douban.com/subject/3718279/","死侍 Deadpool"
"618a43bdbb88ab1096a77ef6","https://movie.douban.com/subject/25917973/","心迷宫"
"618a43bdbb88ab1096a77ef7","https://movie.douban.com/subject/26752852/","水形物语 The Shape of Water"
"618a43bdbb88ab1096a77ef8","https://movie.douban.com/subject/2135981/","画皮 畫皮"
"618a43bdbb88ab1096a77ef9","https://movie.douban.com/subject/2051007/","哈利·波特与死亡圣器(上) Harry Potter and the Deathly Hallows: Part 1"
"618a43bebb88ab1096a77efa","https://movie.douban.com/subject/3233635/","功夫熊猫2 Kung Fu Panda 2"
"618a43bebb88ab1096a77efb","https://movie.douban.com/subject/3793783/","地心引力 Gravity"
"618a43bebb88ab1096a77efc","https://movie.douban.com/subject/25980443/","海边的曼彻斯特 Manchester by the Sea"
"618a43bebb88ab1096a77efd","https://movie.douban.com/subject/25765735/","金刚狼3：殊死一战 Logan"
"618a43bebb88ab1096a77efe","https://movie.douban.com/subject/1438652/","无耻混蛋 Inglourious Basterds"
"618a43bebb88ab1096a77eff","https://movie.douban.com/subject/3313801/","非诚勿扰"
"618a43bebb88ab1096a77f00","https://movie.douban.com/subject/3231742/","钢铁侠3 Iron Man 3"
"618a43bebb88ab1096a77f01","https://movie.douban.com/subject/30252495/","1917"
"618a43bebb88ab1096a77f02","https://movie.douban.com/subject/1457217/","哈利·波特与凤凰社 Harry Potter and the Order of the Phoenix"
"618a43bebb88ab1096a77f03","https://movie.douban.com/subject/3068206/","碟中谍4 Mission: Impossible - Ghost Protocol"
"618a43bebb88ab1096a77f04","https://movie.douban.com/subject/3596502/","唐山大地震"
"618a43bebb88ab1096a77f05","https://movie.douban.com/subject/26942674/","神秘巨星 Secret Superstar"
"618a43bebb88ab1096a77f06","https://movie.douban.com/subject/24753477/","蜘蛛侠：英雄归来 Spider-Man: Homecoming"
"618a43bebb88ab1096a77f07","https://movie.douban.com/subject/3274505/","猩球崛起 Rise of the Planet of the Apes"
"618a43bebb88ab1096a77f08","https://movie.douban.com/subject/4915857/","神偷奶爸2 Despicable Me 2"
"618a43bebb88ab1096a77f09","https://movie.douban.com/subject/3011308/","孤儿怨 Orphan"
"618a43bebb88ab1096a77f0a","https://movie.douban.com/subject/10512661/","银翼杀手2049 Blade Runner 2049"
"618a43bebb88ab1096a77f0b","https://movie.douban.com/subject/20376577/","小时代"
"618a43bebb88ab1096a77f0c","https://movie.douban.com/subject/26588308/","死侍2：我爱我家 Deadpool 2"
"618a43c2bb88ab1096a77f0d","https://movie.douban.com/subject/5322596/","超脱 Detachment"
"618a43c2bb88ab1096a77f0e","https://movie.douban.com/subject/3006772/","第九区 District 9"
"618a43c2bb88ab1096a77f0f","https://movie.douban.com/subject/1961963/","长江七号"
"618a43c2bb88ab1096a77f10","https://movie.douban.com/subject/6722879/","她 Her"
"618a43c2bb88ab1096a77f11","https://movie.douban.com/subject/26289144/","滚蛋吧！肿瘤君"
"618a43c2bb88ab1096a77f12","https://movie.douban.com/subject/1307811/","魔女宅急便 魔女の宅急便"
"618a43c2bb88ab1096a77f13","https://movie.douban.com/subject/25821634/","雷神3：诸神黄昏 Thor: Ragnarok"
"618a43c2bb88ab1096a77f14","https://movie.douban.com/subject/3530403/","云图 Cloud Atlas"
"618a43c2bb88ab1096a77f15","https://movie.douban.com/subject/21324900/","降临 Arrival"
"618a43c2bb88ab1096a77f16","https://movie.douban.com/subject/1433330/","哈利·波特与混血王子 Harry Potter and the Half-Blood Prince"
"618a43c2bb88ab1096a77f17","https://movie.douban.com/subject/4840388/","新喜剧之王"
"618a43c2bb88ab1096a77f18","https://movie.douban.com/subject/1297052/","侧耳倾听 耳をすませば"
"618a43c2bb88ab1096a77f19","https://movie.douban.com/subject/1293182/","十二怒汉 12 Angry Men"
"618a43c2bb88ab1096a77f1a","https://movie.douban.com/subject/1292528/","猜火车 Trainspotting"
"618a43c2bb88ab1096a77f1b","https://movie.douban.com/subject/3066739/","钢铁侠2 Iron Man 2"
"618a43c2bb88ab1096a77f1c","https://movie.douban.com/subject/1308575/","蓝色大门 藍色大門"
"618a43c2bb88ab1096a77f1d","https://movie.douban.com/subject/3824672/","听说 聽說"
"618a43c2bb88ab1096a77f1e","https://movie.douban.com/subject/3072124/","玛丽和马克思 Mary and Max"
"618a43c2bb88ab1096a77f1f","https://movie.douban.com/subject/1292225/","闪灵 The Shining"
"618a43c2bb88ab1096a77f20","https://movie.douban.com/subject/3071441/","雪国列车 설국열차"
"618a43c3bb88ab1096a77f21","https://movie.douban.com/subject/1859036/","宝贝计划 寶貝計劃"
"618a43c3bb88ab1096a77f22","https://movie.douban.com/subject/1304073/","假如爱有天意 클래식"
"618a43c3bb88ab1096a77f23","https://movie.douban.com/subject/1793929/","达拉斯买家俱乐部 Dallas Buyers Club"
"618a43c3bb88ab1096a77f24","https://movie.douban.com/subject/10440138/","侏罗纪世界 Jurassic World"
"618a43c3bb88ab1096a77f25","https://movie.douban.com/subject/1292217/","穆赫兰道 Mulholland Dr."
"618a43c6bb88ab1096a77f26","https://movie.douban.com/subject/6982558/","长城 The Great Wall"
"618a43c6bb88ab1096a77f27","https://movie.douban.com/subject/5327268/","荒野猎人 The Revenant"
"618a43c6bb88ab1096a77f28","https://movie.douban.com/subject/1301168/","卧虎藏龙 臥虎藏龍"
"618a43c6bb88ab1096a77f29","https://movie.douban.com/subject/25710912/","港囧"
"618a43c6bb88ab1096a77f2a","https://movie.douban.com/subject/26662193/","前任3：再见前任"
"618a43c6bb88ab1096a77f2b","https://movie.douban.com/subject/25870084/","重返20岁"
"618a43c6bb88ab1096a77f2c","https://movie.douban.com/subject/1302827/","人工智能 Artificial Intelligence: AI"
"618a43c7bb88ab1096a77f2d","https://movie.douban.com/subject/1293318/","萤火虫之墓 火垂るの墓"
"618a43c7bb88ab1096a77f2e","https://movie.douban.com/subject/1315574/","加勒比海盗2：聚魂棺 Pirates of the Caribbean: Dead Man's Chest"
"618a43c7bb88ab1096a77f2f","https://movie.douban.com/subject/24743711/","催眠大师"
"618a43c7bb88ab1096a77f30","https://movie.douban.com/subject/26835471/","大侦探皮卡丘 Pokémon Detective Pikachu"
"618a43c7bb88ab1096a77f31","https://movie.douban.com/subject/26728669/","风中有朵雨做的云"
"618a43c7bb88ab1096a77f32","https://movie.douban.com/subject/25798448/","解救吾先生"
"618a43c7bb88ab1096a77f33","https://movie.douban.com/subject/1820156/","我是传奇 I Am Legend"
"618a43c7bb88ab1096a77f34","https://movie.douban.com/subject/35051512/","我和我的家乡"
"618a43c7bb88ab1096a77f35","https://movie.douban.com/subject/25983044/","比利·林恩的中场战事 Billy Lynn's Long Halftime Walk"
"618a43c7bb88ab1096a77f36","https://movie.douban.com/subject/26394152/","大黄蜂 Bumblebee"
"618a43c7bb88ab1096a77f37","https://movie.douban.com/subject/1304102/","谍影重重 The Bourne Identity"
"618a43c7bb88ab1096a77f38","https://movie.douban.com/subject/25786060/","X战警：天启 X-Men: Apocalypse"
"618a43c7bb88ab1096a77f39","https://movie.douban.com/subject/25895276/","煎饼侠"
"618a43c7bb88ab1096a77f3a","https://movie.douban.com/subject/1578507/","谍影重重3 The Bourne Ultimatum"
"618a43c7bb88ab1096a77f3b","https://movie.douban.com/subject/10807909/","智取威虎山"
"618a43c7bb88ab1096a77f3c","https://movie.douban.com/subject/25900945/","美女与野兽 Beauty and the Beast"
"618a43c7bb88ab1096a77f3d","https://movie.douban.com/subject/1292659/","变脸 Face/Off"
"618a43c7bb88ab1096a77f3e","https://movie.douban.com/subject/6874403/","再次出发之纽约遇见你 Begin Again"
"618a43cbbb88ab1096a77f3f","https://movie.douban.com/subject/1959877/","崖上的波妞 崖の上のポニョ"
"618a43cbbb88ab1096a77f40","https://movie.douban.com/subject/26259677/","垫底辣妹 ビリギャル"
"618a43cbbb88ab1096a77f41","https://movie.douban.com/subject/1291870/","雨人 Rain Man"
"618a43cbbb88ab1096a77f42","https://movie.douban.com/subject/24750126/","荒蛮故事 Relatos salvajes"
"618a43cbbb88ab1096a77f43","https://movie.douban.com/subject/1293351/","食神"
"618a43cbbb88ab1096a77f44","https://movie.douban.com/subject/1302467/","黑客帝国3：矩阵革命 The Matrix Revolutions"
"618a43cbbb88ab1096a77f45","https://movie.douban.com/subject/1296141/","控方证人 Witness for the Prosecution"
"618a43cbbb88ab1096a77f46","https://movie.douban.com/subject/24751763/","罗曼蒂克消亡史"
"618a43ccbb88ab1096a77f47","https://movie.douban.com/subject/25814705/","小森林 夏秋篇 リトル・フォレスト 夏・秋"
"618a43ccbb88ab1096a77f48","https://movie.douban.com/subject/26416062/","侏罗纪世界2 Jurassic World: Fallen Kingdom"
"618a43ccbb88ab1096a77f49","https://movie.douban.com/subject/25958717/","海蒂和爷爷 Heidi"
"618a43ccbb88ab1096a77f4a","https://movie.douban.com/subject/1292262/","美国往事 Once Upon a Time in America"
"618a43ccbb88ab1096a77f4b","https://movie.douban.com/subject/6873143/","一条狗的使命 A Dog's Purpose"
"618a43ccbb88ab1096a77f4c","https://movie.douban.com/subject/30122633/","快把我哥带走"
"618a43ccbb88ab1096a77f4d","https://movie.douban.com/subject/25907124/","姜子牙"
"618a43ccbb88ab1096a77f4e","https://movie.douban.com/subject/26683723/","后来的我们"
"618a43ccbb88ab1096a77f4f","https://movie.douban.com/subject/20438964/","无敌破坏王2：大闹互联网 Ralph Breaks the Internet"
"618a43ccbb88ab1096a77f50","https://movie.douban.com/subject/25801066/","西游伏妖篇"
"618a43ccbb88ab1096a77f51","https://movie.douban.com/subject/26811587/","大护法"
"618a43ccbb88ab1096a77f52","https://movie.douban.com/subject/1297747/","少林足球"
"618a43ccbb88ab1096a77f53","https://movie.douban.com/subject/30282387/","银河补习班"
"618a43ccbb88ab1096a77f54","https://movie.douban.com/subject/1865703/","红辣椒 パプリカ"
"618a43ccbb88ab1096a77f55","https://movie.douban.com/subject/6890730/","寒战 寒戰"
"618a43ccbb88ab1096a77f56","https://movie.douban.com/subject/1293088/","小鬼当家 Home Alone"
"618a43ccbb88ab1096a77f57","https://movie.douban.com/subject/1309060/","僵尸新娘 Corpse Bride"
"618a43d0bb88ab1096a77f58","https://movie.douban.com/subject/1295409/","纵横四海 緃横四海"
"618a43d0bb88ab1096a77f59","https://movie.douban.com/subject/1937946/","穿越时空的少女 時をかける少女"
"618a43d0bb88ab1096a77f5a","https://movie.douban.com/subject/25895901/","海街日记 海街diary"
"618a43d0bb88ab1096a77f5b","https://movie.douban.com/subject/10741643/","我的个神啊 PK"
"618a43d0bb88ab1096a77f5c","https://movie.douban.com/subject/1307739/","国产凌凌漆 國產凌凌漆"
"618a43d0bb88ab1096a77f5d","https://movie.douban.com/subject/2973079/","霍比特人3：五军之战 The Hobbit: The Battle of the Five Armies"
"618a43d0bb88ab1096a77f5e","https://movie.douban.com/subject/1303021/","小鞋子 بچه های آسمان"
"618a43d0bb88ab1096a77f5f","https://movie.douban.com/subject/3041806/","叶问 葉問"
"618a43d0bb88ab1096a77f60","https://movie.douban.com/subject/3592853/","饥饿游戏 The Hunger Games"
"618a43d0bb88ab1096a77f61","https://movie.douban.com/subject/3227410/","加勒比海盗4：惊涛怪浪 Pirates of the Caribbean: On Stranger Tides"
"618a43d0bb88ab1096a77f62","https://movie.douban.com/subject/2138838/","美国队长 Captain America: The First Avenger"
"618a43d0bb88ab1096a77f63","https://movie.douban.com/subject/1418019/","大闹天宫"
"618a43d0bb88ab1096a77f64","https://movie.douban.com/subject/4286017/","速度与激情5 Fast Five"
"618a43d0bb88ab1096a77f65","https://movie.douban.com/subject/6311303/","加勒比海盗5：死无对证 Pirates of the Caribbean: Dead Men Tell No Tales"
"618a43d0bb88ab1096a77f66","https://movie.douban.com/subject/25724855/","房间 Room"
"618a43d0bb88ab1096a77f67","https://movie.douban.com/subject/6799191/","搜索"
"618a43d0bb88ab1096a77f68","https://movie.douban.com/subject/26575103/","捉妖记2"
"618a43d1bb88ab1096a77f69","https://movie.douban.com/subject/26884354/","狮子王 The Lion King"
"618a43d1bb88ab1096a77f6a","https://movie.douban.com/subject/26384741/","湮灭 Annihilation"
"618a43d1bb88ab1096a77f6b","https://movie.douban.com/subject/27059130/","大佛普拉斯"
"618a43d1bb88ab1096a77f6c","https://movie.douban.com/subject/1307106/","无间道2 無間道II"
"618a43d1bb88ab1096a77f6d","https://movie.douban.com/subject/10432911/","流感 감기"
"618a43d1bb88ab1096a77f6e","https://movie.douban.com/subject/26628357/","一个叫欧维的男人决定去死 En man som heter Ove"
"618a43d1bb88ab1096a77f6f","https://movie.douban.com/subject/25662327/","火锅英雄"
"618a43d1bb88ab1096a77f70","https://movie.douban.com/subject/3610047/","变形金刚3 Transformers: Dark of the Moon"
"618a43d5bb88ab1096a77f71","https://movie.douban.com/subject/2300586/","这个男人来自地球 The Man from Earth"
"618a43d5bb88ab1096a77f72","https://movie.douban.com/subject/11606328/","霍比特人2：史矛革之战 The Hobbit: The Desolation of Smaug"
"618a43d5bb88ab1096a77f73","https://movie.douban.com/subject/25887288/","冰雪奇缘2 Frozen II"
"618a43d5bb88ab1096a77f74","https://movie.douban.com/subject/1292233/","发条橙 A Clockwork Orange"
"618a43d5bb88ab1096a77f75","https://movie.douban.com/subject/1867345/","遗愿清单 The Bucket List"
"618a43d5bb88ab1096a77f76","https://movie.douban.com/subject/3168089/","X战警：第一战 X-Men: First Class"
"618a43d5bb88ab1096a77f77","https://movie.douban.com/subject/2133323/","白日梦想家 The Secret Life of Walter Mitty"
"618a43d5bb88ab1096a77f78","https://movie.douban.com/subject/26926321/","缝纫机乐队"
"618a43d5bb88ab1096a77f79","https://movie.douban.com/subject/3789848/","怪兽大学 Monsters University"
"618a43d5bb88ab1096a77f7a","https://movie.douban.com/subject/26378579/","王牌特工2：黄金圈 Kingsman: The Golden Circle"
"618a43d5bb88ab1096a77f7b","https://movie.douban.com/subject/26260853/","速度与激情8 The Fate of the Furious"
"618a43d5bb88ab1096a77f7c","https://movie.douban.com/subject/1329936/","大内密探零零发 大內密探零零發"
"618a43d5bb88ab1096a77f7d","https://movie.douban.com/subject/21941804/","白日焰火"
"618a43d6bb88ab1096a77f7e","https://movie.douban.com/subject/1291585/","风之谷 風の谷のナウシカ"
"618a43d6bb88ab1096a77f7f","https://movie.douban.com/subject/27119586/","谁先爱上他的 誰先愛上他的"
"618a43d6bb88ab1096a77f80","https://movie.douban.com/subject/1309069/","蝙蝠侠：侠影之谜 Batman Begins"
"618a43d6bb88ab1096a77f81","https://movie.douban.com/subject/4271894/","非诚勿扰2"
"618a43d6bb88ab1096a77f82","https://movie.douban.com/subject/3097572/","双子杀手 Gemini Man"
"618a43d6bb88ab1096a77f83","https://movie.douban.com/subject/26348103/","小妇人 Little Women"
"618a43d6bb88ab1096a77f84","https://movie.douban.com/subject/30164448/","海市蜃楼 Durante la tormenta"
"618a43d6bb88ab1096a77f85","https://movie.douban.com/subject/2997076/","华尔街之狼 The Wolf of Wall Street"
"618a43d6bb88ab1096a77f86","https://movie.douban.com/subject/26715636/","地久天长"
"618a43d6bb88ab1096a77f87","https://movie.douban.com/subject/21352814/","归来"
"618a43d6bb88ab1096a77f88","https://movie.douban.com/subject/30327842/","82年生的金智英 82년생 김지영"
"618a43d6bb88ab1096a77f89","https://movie.douban.com/subject/4212172/","十二生肖"
"618a43d9bb88ab1096a77f8a","https://movie.douban.com/subject/26761416/","至暗时刻 Darkest Hour"
"618a43d9bb88ab1096a77f8b","https://movie.douban.com/subject/6860160/","悲惨世界 Les Misérables"
"618a43d9bb88ab1096a77f8c","https://movie.douban.com/subject/25814707/","小森林 冬春篇 リトル・フォレスト 冬・春"
"618a43d9bb88ab1096a77f8d","https://movie.douban.com/subject/6560058/","雷神2：黑暗世界 Thor: The Dark World"
"618a43dabb88ab1096a77f8e","https://movie.douban.com/subject/3771562/","普罗米修斯 Prometheus"
"618a43dabb88ab1096a77f8f","https://movie.douban.com/subject/4876722/","钢的琴"
"618a43dabb88ab1096a77f90","https://movie.douban.com/subject/26425068/","追龙 追龍"
"618a43dabb88ab1096a77f91","https://movie.douban.com/subject/1298038/","诺丁山 Notting Hill"
"618a43dabb88ab1096a77f92","https://movie.douban.com/subject/1304141/","黑客帝国2：重装上阵 The Matrix Reloaded"
"618a43dabb88ab1096a77f93","https://movie.douban.com/subject/26816383/","喜欢你"
"618a43dabb88ab1096a77f94","https://movie.douban.com/subject/7054604/","变形金刚4：绝迹重生 Transformers: Age of Extinction"
"618a43dabb88ab1096a77f95","https://movie.douban.com/subject/1329562/","头文字D 頭文字D"
"618a43dabb88ab1096a77f96","https://movie.douban.com/subject/1866471/","雷神 Thor"
"618a43dabb88ab1096a77f97","https://movie.douban.com/subject/26688480/","逃出绝命镇 Get Out"
"618a43dabb88ab1096a77f98","https://movie.douban.com/subject/27113517/","血观音 血觀音"
"618a43dabb88ab1096a77f99","https://movie.douban.com/subject/1793491/","美食总动员 Ratatouille"
"618a43dabb88ab1096a77f9a","https://movie.douban.com/subject/10727641/","碟中谍5：神秘国度 Mission: Impossible - Rogue Nation"
"618a43dabb88ab1096a77f9b","https://movie.douban.com/subject/24879858/","分手大师"
"618a43dabb88ab1096a77f9c","https://movie.douban.com/subject/3731581/","里约大冒险 Rio"
"618a43dabb88ab1096a77f9d","https://movie.douban.com/subject/24875534/","十二公民"
"618a43dabb88ab1096a77f9e","https://movie.douban.com/subject/3626416/","十月围城"
"618a43dabb88ab1096a77f9f","https://movie.douban.com/subject/1292062/","美国丽人 American Beauty"
"618a43dabb88ab1096a77fa0","https://movie.douban.com/subject/1291575/","玩具总动员 Toy Story"
"618a43dabb88ab1096a77fa1","https://movie.douban.com/subject/2124703/","疯狂的赛车"
"618a43dabb88ab1096a77fa2","https://movie.douban.com/subject/6985810/","狩猎 Jagten"
"618a43debb88ab1096a77fa3","https://movie.douban.com/subject/1308767/","谍影重重2 The Bourne Supremacy"
"618a43debb88ab1096a77fa4","https://movie.douban.com/subject/26280528/","从你的全世界路过"
"618a43debb88ab1096a77fa5","https://movie.douban.com/subject/1428175/","血钻 Blood Diamond"
"618a43debb88ab1096a77fa6","https://movie.douban.com/subject/30413052/","攀登者"
"618a43debb88ab1096a77fa7","https://movie.douban.com/subject/1294638/","E.T.外星人 E.T. the Extra-Terrestrial"
"618a43debb88ab1096a77fa8","https://movie.douban.com/subject/1418752/","万能钥匙 The Skeleton Key"
"618a43debb88ab1096a77fa9","https://movie.douban.com/subject/1419936/","战争之王 Lord of War"
"618a43debb88ab1096a77faa","https://movie.douban.com/subject/4151110/","山楂树之恋"
"618a43debb88ab1096a77fab","https://movie.douban.com/subject/2131940/","魔兽 Warcraft"
"618a43debb88ab1096a77fac","https://movie.douban.com/subject/2365260/","爱在暹罗 รักแห่งสยาม"
"618a43debb88ab1096a77fad","https://movie.douban.com/subject/1297863/","武状元苏乞儿 武狀元蘇乞兒"
"618a43debb88ab1096a77fae","https://movie.douban.com/subject/1292434/","一一"
"618a43debb88ab1096a77faf","https://movie.douban.com/subject/10605978/","私人订制"
"618a43debb88ab1096a77fb0","https://movie.douban.com/subject/30402296/","天气之子 天気の子"
"618a43debb88ab1096a77fb1","https://movie.douban.com/subject/1291844/","终结者2：审判日 Terminator 2: Judgment Day"
"618a43debb88ab1096a77fb2","https://movie.douban.com/subject/2998270/","大侦探福尔摩斯 Sherlock Holmes"
"618a43debb88ab1096a77fb3","https://movie.douban.com/subject/30221757/","烈火英雄"
"618a43dfbb88ab1096a77fb4","https://movie.douban.com/subject/1301445/","黑衣人 Men in Black"
"618a43dfbb88ab1096a77fb5","https://movie.douban.com/subject/1305065/","公主日记 The Princess Diaries"
"618a43dfbb88ab1096a77fb6","https://movie.douban.com/subject/5977835/","桃姐"
"618a43dfbb88ab1096a77fb7","https://movie.douban.com/subject/26416603/","萨利机长 Sully"
"618a43dfbb88ab1096a77fb8","https://movie.douban.com/subject/1294240/","教父3 The Godfather: Part III"
"618a43dfbb88ab1096a77fb9","https://movie.douban.com/subject/27092785/","李茶的姑妈"
"618a43dfbb88ab1096a77fba","https://movie.douban.com/subject/4724739/","单身男女 單身男女"
"618a43dfbb88ab1096a77fbb","https://movie.douban.com/subject/3230459/","李米的猜想"
"618a43e2bb88ab1096a77fbc","https://movie.douban.com/subject/20645098/","小王子 Le Petit Prince"
"618a43e2bb88ab1096a77fbd","https://movie.douban.com/subject/10437779/","新世界 신세계"
"618a43e2bb88ab1096a77fbe","https://movie.douban.com/subject/26842702/","燃烧 버닝"
"618a43e2bb88ab1096a77fbf","https://movie.douban.com/subject/26891256/","阿拉丁 Aladdin"
"618a43e2bb88ab1096a77fc0","https://movie.douban.com/subject/4848115/","你看起来好像很好吃 おまえうまそうだな"
"618a43e2bb88ab1096a77fc1","https://movie.douban.com/subject/1950148/","赎罪 Atonement"
"618a43e2bb88ab1096a77fc2","https://movie.douban.com/subject/27668250/","南方车站的聚会"
"618a43e2bb88ab1096a77fc3","https://movie.douban.com/subject/6126442/","一步之遥"
"618a43e3bb88ab1096a77fc4","https://movie.douban.com/subject/25977027/","小姐 아가씨"
"618a43e3bb88ab1096a77fc5","https://movie.douban.com/subject/1388216/","撞车 Crash"
"618a43e3bb88ab1096a77fc6","https://movie.douban.com/subject/1309043/","金刚 King Kong"
"618a43e3bb88ab1096a77fc7","https://movie.douban.com/subject/26588314/","伯德小姐 Lady Bird"
"618a43e3bb88ab1096a77fc8","https://movie.douban.com/subject/2158490/","正义联盟 Justice League"
"618a43e3bb88ab1096a77fc9","https://movie.douban.com/subject/1303037/","喜宴 囍宴"
"618a43e3bb88ab1096a77fca","https://movie.douban.com/subject/25790761/","东方快车谋杀案 Murder on the Orient Express"
"618a43e3bb88ab1096a77fcb","https://movie.douban.com/subject/10808442/","爱在午夜降临前 Before Midnight"
"618a43e3bb88ab1096a77fcc","https://movie.douban.com/subject/11510624/","全民目击"
"618a43e3bb88ab1096a77fcd","https://movie.douban.com/subject/2053515/","曾经 Once"
"618a43e3bb88ab1096a77fce","https://movie.douban.com/subject/1292523/","侏罗纪公园 Jurassic Park"
"618a43e3bb88ab1096a77fcf","https://movie.douban.com/subject/1309172/","初恋50次 50 First Dates"
"618a43e3bb88ab1096a77fd0","https://movie.douban.com/subject/7046723/","猩球崛起2：黎明之战 Dawn of the Planet of the Apes"
"618a43e3bb88ab1096a77fd1","https://movie.douban.com/subject/6082518/","超凡蜘蛛侠2 The Amazing Spider-Man 2"
"618a43e3bb88ab1096a77fd2","https://movie.douban.com/subject/4896304/","龙门飞甲"
"618a43e3bb88ab1096a77fd3","https://movie.douban.com/subject/1299327/","夜访吸血鬼 Interview with the Vampire: The Vampire Chronicles"
"618a43e3bb88ab1096a77fd4","https://movie.douban.com/subject/26606743/","嫌疑人X的献身"
"618a43e7bb88ab1096a77fd5","https://movie.douban.com/subject/1300300/","死神来了 Final Destination"
"618a43e7bb88ab1096a77fd6","https://movie.douban.com/subject/3642835/","黑衣人3 Men in Black III"
"618a43e7bb88ab1096a77fd7","https://movie.douban.com/subject/6850547/","玩具总动员4 Toy Story 4"
"618a43e7bb88ab1096a77fd8","https://movie.douban.com/subject/4319218/","午夜巴黎 Midnight in Paris"
"618a43e7bb88ab1096a77fd9","https://movie.douban.com/subject/20470074/","言叶之庭 言の葉の庭"
"618a43e7bb88ab1096a77fda","https://movie.douban.com/subject/25919910/","师父"
"618a43e7bb88ab1096a77fdb","https://movie.douban.com/subject/6011806/","厨子戏子痞子"
"618a43e7bb88ab1096a77fdc","https://movie.douban.com/subject/26885074/","叶问4：完结篇 葉問4：完結篇"
"618a43e7bb88ab1096a77fdd","https://movie.douban.com/subject/30377703/","来电狂响"
"618a43e7bb88ab1096a77fde","https://movie.douban.com/subject/3737102/","艋舺"
"618a43e7bb88ab1096a77fdf","https://movie.douban.com/subject/1945330/","迷雾 The Mist"
"618a43e7bb88ab1096a77fe0","https://movie.douban.com/subject/4301224/","沉睡魔咒 Maleficent"
"618a43e7bb88ab1096a77fe1","https://movie.douban.com/subject/1306809/","生化危机 Resident Evil"
"618a43e7bb88ab1096a77fe2","https://movie.douban.com/subject/1297223/","鹿鼎记 鹿鼎記"
"618a43e8bb88ab1096a77fe3","https://movie.douban.com/subject/4807924/","泰迪熊 Ted"
"618a43e8bb88ab1096a77fe4","https://movie.douban.com/subject/1307694/","无间道3：终极无间 無間道III 終極無間"
"618a43e8bb88ab1096a77fe5","https://movie.douban.com/subject/25662337/","惊天魔盗团2 Now You See Me 2"
"618a43e8bb88ab1096a77fe6","https://movie.douban.com/subject/25882296/","狄仁杰之四大天王"
"618a43e8bb88ab1096a77fe7","https://movie.douban.com/subject/1292208/","上帝之城 Cidade de Deus"
"618a43e8bb88ab1096a77fe8","https://movie.douban.com/subject/1291577/","超人总动员 The Incredibles"
"618a43e8bb88ab1096a77fe9","https://movie.douban.com/subject/1302090/","逃学威龙 逃學威龍"
"618a43e8bb88ab1096a77fea","https://movie.douban.com/subject/26581837/","上海堡垒"
"618a43e8bb88ab1096a77feb","https://movie.douban.com/subject/1295250/","X战警 X-Men"
"618a43e8bb88ab1096a77fec","https://movie.douban.com/subject/4066206/","全城热恋"
"618a43e8bb88ab1096a77fed","https://movie.douban.com/subject/1291853/","英国病人 The English Patient"
"618a43ecbb88ab1096a77fee","https://movie.douban.com/subject/26972258/","江湖儿女"
"618a43ecbb88ab1096a77fef","https://movie.douban.com/subject/3412882/","窃听风云 竊聽風雲"
"618a43ecbb88ab1096a77ff0","https://movie.douban.com/subject/27191431/","过春天"
"618a43ecbb88ab1096a77ff1","https://movie.douban.com/subject/26997663/","寂静之地 A Quiet Place"
"618a43ecbb88ab1096a77ff2","https://movie.douban.com/subject/4824512/","驯龙高手2 How to Train Your Dragon 2"
"618a43ecbb88ab1096a77ff3","https://movie.douban.com/subject/1306160/","新警察故事"
"618a43ecbb88ab1096a77ff4","https://movie.douban.com/subject/26790961/","闪光少女"
"618a43ecbb88ab1096a77ff5","https://movie.douban.com/subject/6549903/","逃离德黑兰 Argo"
"618a43edbb88ab1096a77ff6","https://movie.douban.com/subject/1306123/","英雄"
"618a43edbb88ab1096a77ff7","https://movie.douban.com/subject/1792928/","金刚狼 X-Men Origins: Wolverine"
"618a43edbb88ab1096a77ff8","https://movie.douban.com/subject/6011805/","一九四二"
"618a43edbb88ab1096a77ff9","https://movie.douban.com/subject/1306861/","我是山姆 I Am Sam"
"618a43edbb88ab1096a77ffa","https://movie.douban.com/subject/27202818/","婚姻故事 Marriage Story"
"618a43edbb88ab1096a77ffb","https://movie.douban.com/subject/24852545/","爱情公寓"
"618a43edbb88ab1096a77ffc","https://movie.douban.com/subject/1293013/","独立日 Independence Day"
"618a43edbb88ab1096a77ffd","https://movie.douban.com/subject/1291879/","罗生门 羅生門"
"618a43edbb88ab1096a77ffe","https://movie.douban.com/subject/24753810/","战狼"
"618a43edbb88ab1096a77fff","https://movie.douban.com/subject/30170546/","乔乔的异想世界 Jojo Rabbit"
"618a43edbb88ab1096a78000","https://movie.douban.com/subject/24750534/","蝙蝠侠大战超人：正义黎明 Batman v Superman: Dawn of Justice"
"618a43edbb88ab1096a78001","https://movie.douban.com/subject/24843198/","同桌的妳"
"618a43edbb88ab1096a78002","https://movie.douban.com/subject/27615233/","你好，之华"
"618a43edbb88ab1096a78003","https://movie.douban.com/subject/3412830/","狄仁杰之通天帝国"
"618a43edbb88ab1096a78004","https://movie.douban.com/subject/3148027/","暮光之城2：新月 The Twilight Saga: New Moon"
"618a43edbb88ab1096a78005","https://movie.douban.com/subject/1308865/","老男孩 올드보이"
"618a43edbb88ab1096a78006","https://movie.douban.com/subject/27663742/","老师·好"
